keyword,search_volume,keyword_difficulty,cpc,position,clicks,impressions,ctr,url
best project management software,12100,72,12.50,8,145,3200,4.5,/blog/project-management-tools
project management tools for small teams,2900,38,8.20,14,22,890,2.5,/blog/project-management-tools
free project management app,6600,45,6.80,11,58,1800,3.2,
agile project management,8100,65,10.40,6,210,4100,5.1,/blog/agile-guide
kanban board software,3600,41,9.10,12,34,1100,3.1,/blog/kanban-guide
scrum vs kanban,4400,32,4.20,18,15,920,1.6,
project tracking tools,5400,52,7.90,9,98,2400,4.1,/blog/project-tracking
team collaboration software,9900,68,11.30,7,178,3800,4.7,/blog/collaboration-tools
task management app,7200,55,8.60,10,89,2200,4.0,/blog/task-management
how to manage remote teams,3100,25,5.40,22,8,450,1.8,
project management methodology,1900,30,3.80,15,18,620,2.9,/blog/pm-methodologies
gantt chart software,4800,48,9.50,13,42,1400,3.0,/blog/gantt-charts
sprint planning best practices,1600,22,4.60,19,12,380,3.2,
project management for startups,2400,28,7.10,16,20,680,2.9,
waterfall vs agile,3800,35,3.90,5,165,3600,4.6,/blog/agile-guide
online project management,5200,58,8.80,11,62,1900,3.3,/blog/project-management-tools
project management certification,6100,42,15.20,25,5,320,1.6,
resource allocation software,1800,33,11.60,20,10,410,2.4,
project portfolio management,2200,55,13.40,23,7,380,1.8,
project management templates,8500,35,4.20,4,320,5200,6.2,/blog/pm-templates
